{
    "differences": {
        "2": 0.032930676309917674,
        "4": 0.051781180272370546,
        "9": 0.08894360236977764,
        "18": 0.1538047241671155,
        "36": 0.33180734015542046
    },
    "spatial_differences": {
        "2": 0.0374414976599064,
        "4": 0.060842433697347896,
        "9": 0.09568382735309412,
        "18": 0.18512740509620385,
        "36": 0.3712948517940718
    }
}
